{"test_f1":0.5905086672350099,"_wandb":{"runtime":10},"val_loss":0.5052962303161621,"test_accuracy":0.7084766626358032,"learning_rate":1e-05,"_runtime":10.7265021,"training_history":{"height":500,"_type":"image-file","sha256":"30dd70d220691539799157b7dd78231c29f4b4035d2239b1b925f02e21300334","size":49274,"path":"media/images/training_history_24_30dd70d2206915397991.png","format":"png","width":1200},"_timestamp":1.747913825542093e+09,"test_auc":0.788328696216792,"best_val_loss":0.43502241373062134,"epoch":22,"train_loss":0.4038376069483759,"_step":24}
