{
    "training_history": {
        "train_loss": [
            0.6939855726307277,
            0.6600141523421043,
            0.6404652466894019,
            0.6109355860193603,
            0.5698340067771425,
            0.5166304838329586,
            0.47631126398271656,
            0.5608943204467598,
            0.5423023361079886,
            0.4604651189041312
        ],
        "val_loss": [
            0.6658739447593689,
            0.6449937224388123,
            0.6185532212257385,
            0.5876163244247437,
            0.5433945655822754,
            0.49848198890686035,
            0.46518179774284363,
            0.4548299014568329,
            0.4867551624774933,
            0.5116662383079529
        ],
        "learning_rate": [
            0.001,
            0.001,
            0.001,
            0.001,
            0.001,
            0.001,
            0.001,
            0.001,
            0.001,
            0.001
        ]
    },
    "best_val_loss": 0.4548299014568329,
    "test_metrics": {
        "accuracy": 0.7750353813171387,
        "auc": 0.8739038112100337,
        "precision": 0.9272388059701493,
        "recall": 0.7304526748971193,
        "f1": 0.8171654061164091
    },
    "responsiveness": {
        "avg_pred_change_on_events": 0.07037921249866486,
        "avg_pred_change_on_nonevents": 0.0036406798753887415,
        "change_ratio": 19.331336975097656,
        "correlation": 0.5590457163268596,
        "p_value": 0.0
    },
    "training_time": 8.733483076095581,
    "model_params": {
        "model_type": "ResponsiveWinPredictor",
        "input_dim": 12,
        "hidden_dim": 64,
        "num_layers": 2,
        "dropout": 0.2,
        "player_count_indices": [
            10,
            11
        ],
        "equipment_indices": [
            0,
            1
        ]
    },
    "training_params": {
        "batch_size": 32,
        "num_epochs": 10,
        "learning_rate": 0.001,
        "weight_decay": 1e-05,
        "patience": 10,
        "event_weight": 3.0
    },
    "feature_cols": [
        "ctEqVal",
        "tEqVal",
        "ctSpend",
        "tSpend",
        "team1_score",
        "team2_score",
        "tick",
        "seconds",
        "num_util_ct",
        "num_util_t",
        "num_ct_alive",
        "num_t_alive"
    ]
}