{"_wandb":{"runtime":4},"_timestamp":1.74791371191831e+09,"_runtime":3.7036979,"_step":16,"epoch":16,"train_loss":0.4396563457647978,"val_loss":0.6047992706298828,"learning_rate":1e-05}
