{
    "training_history": {
        "train_loss": [
            0.679673829855413,
            0.635843183820963,
            0.5974697579738146,
            0.5498920371523707,
            0.49998035009283653,
            0.4622181129842984,
            0.48689168828868856,
            0.46932987435880286,
            0.4494471362899246,
            0.4821104737973082,
            0.4375455619872543,
            0.4441271905682273,
            0.42183153125464157,
            0.42385652804715646,
            0.4122851823624497,
            0.4232197245427667,
            0.41225560170436976,
            0.41097783942074906,
            0.4108057755304918
        ],
        "val_loss": [
            0.6509524583816528,
            0.6190417408943176,
            0.5838041305541992,
            0.543277382850647,
            0.5317323803901672,
            3.0468900203704834,
            2.64678692817688,
            0.5541385412216187,
            0.5230533480644226,
            0.5539476275444031,
            1.833328366279602,
            3.129913330078125,
            3.1830477714538574,
            3.181627035140991,
            3.1847681999206543,
            3.1856207847595215,
            3.1757330894470215,
            3.175748825073242,
            3.1758813858032227
        ],
        "learning_rate": [
            0.001,
            0.001,
            0.001,
            0.001,
            0.001,
            0.001,
            0.001,
            0.001,
            0.001,
            0.001,
            0.001,
            0.001,
            0.001,
            0.0001,
            0.0001,
            0.0001,
            0.0001,
            1e-05,
            1e-05
        ]
    },
    "best_val_loss": 0.5230533480644226,
    "test_metrics": {
        "accuracy": 0.7825207114219666,
        "auc": 0.8495833652838484,
        "precision": 0.6109523809523809,
        "recall": 0.8325762491888384,
        "f1": 0.7047514419115628
    },
    "responsiveness": {
        "avg_pred_change_on_events": 0.09413225948810577,
        "avg_pred_change_on_nonevents": 0.003498226637020707,
        "change_ratio": 26.908565521240234,
        "correlation": 0.6244860976173374,
        "p_value": 0.0
    },
    "training_time": 17.05200219154358,
    "model_params": {
        "model_type": "ResponsiveWinPredictor",
        "input_dim": 12,
        "hidden_dim": 64,
        "num_layers": 2,
        "dropout": 0.2,
        "player_count_indices": [
            10,
            11
        ],
        "equipment_indices": [
            0,
            1
        ]
    },
    "training_params": {
        "batch_size": 32,
        "num_epochs": 19,
        "learning_rate": 0.001,
        "weight_decay": 1e-05,
        "patience": 10,
        "event_weight": 3.0
    },
    "feature_cols": [
        "ctEqVal",
        "tEqVal",
        "ctSpend",
        "tSpend",
        "team1_score",
        "team2_score",
        "tick",
        "seconds",
        "num_util_ct",
        "num_util_t",
        "num_ct_alive",
        "num_t_alive"
    ]
}