{"_wandb":{"runtime":4},"epoch":13,"train_loss":0.43328034312046637,"val_loss":0.5305349230766296,"learning_rate":1e-05,"_timestamp":1.7479136272811508e+09,"_runtime":3.9814967,"_step":13}
