{
    "training_history": {
        "train_loss": [
            0.679075396331632,
            0.6239607570002617,
            0.5809651509942777,
            0.5285231239702861,
            0.5007359603230862,
            0.48223680398180135,
            0.4727300980435348,
            0.4451432261455559,
            0.44658167039920327,
            0.4322376113546095,
            0.44699666028402235,
            0.43293971961397126,
            0.470065310842355,
            0.43526985046966343,
            0.4246715914066315,
            0.4215066841266952,
            0.4137926297128909,
            0.4055171987118898,
            0.4150764692237254,
            0.3988303160835935,
            0.39967135121178193,
            0.39606383520278265,
            0.4038376069483759
        ],
        "val_loss": [
            0.6409792900085449,
            0.5910831093788147,
            0.5484086871147156,
            0.5084351301193237,
            0.4956647753715515,
            0.5029202103614807,
            0.48751094937324524,
            0.5038484930992126,
            0.4991448223590851,
            0.5007712841033936,
            0.4811353087425232,
            0.44474080204963684,
            0.43502241373062134,
            0.47030511498451233,
            0.499491423368454,
            0.5058443546295166,
            0.48875921964645386,
            0.48839953541755676,
            0.49251770973205566,
            0.4990679621696472,
            0.5046877861022949,
            0.5050315260887146,
            0.5052962303161621
        ],
        "learning_rate": [
            0.001,
            0.001,
            0.001,
            0.001,
            0.001,
            0.001,
            0.001,
            0.001,
            0.001,
            0.001,
            0.001,
            0.001,
            0.001,
            0.001,
            0.001,
            0.001,
            0.001,
            0.0001,
            0.0001,
            0.0001,
            0.0001,
            1e-05,
            1e-05
        ]
    },
    "best_val_loss": 0.43502241373062134,
    "test_metrics": {
        "accuracy": 0.7084766626358032,
        "auc": 0.788328696216792,
        "precision": 0.525278058645096,
        "recall": 0.6742375081116159,
        "f1": 0.5905086672350099
    },
    "training_time": 1.6722157001495361,
    "model_params": {
        "model_type": "ResponsiveWinPredictor",
        "input_dim": 12,
        "hidden_dim": 64,
        "num_layers": 2,
        "dropout": 0.2,
        "player_count_indices": [
            10,
            11
        ],
        "equipment_indices": []
    },
    "training_params": {
        "batch_size": 32,
        "num_epochs": 23,
        "learning_rate": 0.001,
        "weight_decay": 1e-05,
        "patience": 10,
        "event_weight": 3.0
    },
    "feature_cols": [
        "ctEqVal",
        "tEqVal",
        "ctSpend",
        "tSpend",
        "team1_score",
        "team2_score",
        "tick",
        "seconds",
        "num_util_ct",
        "num_util_t",
        "num_ct_alive",
        "num_t_alive"
    ]
}
