{
    "training_history": {
        "train_loss": [
            0.6939855726307277,
            0.6600141523421043,
            0.6404652466894019,
            0.6109355860193603,
            0.5698340067771425,
            0.5166304838329586,
            0.47631126398271656,
            0.5608943204467598,
            0.5423023361079886,
            0.4604651189041312,
            0.45894315570224775,
            0.4559291718833931,
            0.44641919908335226,
            0.4421731958927076,
            0.43908570485142934,
            0.43795727694773023,
            0.43468218438233885,
            0.43617773960051315
        ],
        "val_loss": [
            0.6658739447593689,
            0.6449937224388123,
            0.6185532212257385,
            0.5876163244247437,
            0.5433945655822754,
            0.49848198890686035,
            0.46518179774284363,
            0.4548299014568329,
            0.4867551624774933,
            0.5116662383079529,
            0.5189157128334045,
            0.5371595025062561,
            0.5392497181892395,
            0.5398101210594177,
            0.5425984859466553,
            0.5459110736846924,
            0.5462913513183594,
            0.5467207431793213
        ],
        "learning_rate": [
            0.001,
            0.001,
            0.001,
            0.001,
            0.001,
            0.001,
            0.001,
            0.001,
            0.001,
            0.001,
            0.001,
            0.001,
            0.0001,
            0.0001,
            0.0001,
            0.0001,
            1e-05,
            1e-05
        ]
    },
    "best_val_loss": 0.4548299014568329,
    "test_metrics": {
        "accuracy": 0.7454986572265625,
        "auc": 0.8327073893625194,
        "precision": 0.8785310734463276,
        "recall": 0.7313345091122869,
        "f1": 0.7982034007058069
    },
    "responsiveness": {
        "avg_pred_change_on_events": 0.07727233320474625,
        "avg_pred_change_on_nonevents": 0.003975069150328636,
        "change_ratio": 19.43924331665039,
        "correlation": 0.54454057158578,
        "p_value": 0.0
    },
    "training_time": 13.198210000991821,
    "model_params": {
        "model_type": "ResponsiveWinPredictor",
        "input_dim": 12,
        "hidden_dim": 64,
        "num_layers": 2,
        "dropout": 0.2,
        "player_count_indices": [
            10,
            11
        ],
        "equipment_indices": [
            0,
            1
        ]
    },
    "training_params": {
        "batch_size": 32,
        "num_epochs": 18,
        "learning_rate": 0.001,
        "weight_decay": 1e-05,
        "patience": 10,
        "event_weight": 3.0
    },
    "feature_cols": [
        "ctEqVal",
        "tEqVal",
        "ctSpend",
        "tSpend",
        "team1_score",
        "team2_score",
        "tick",
        "seconds",
        "num_util_ct",
        "num_util_t",
        "num_ct_alive",
        "num_t_alive"
    ]
}