{
    "training_history": {
        "train_loss": [
            0.6941609067334736,
            0.6877970562656719,
            0.6850753439736333,
            0.6819432545546911,
            0.6784915009484017,
            0.6734493556384532,
            0.6701349908461428,
            0.6554945978219561,
            0.6401422759180804,
            0.6401711176505797,
            0.6432773303944727,
            0.6416352055401754,
            0.6170888397357499,
            0.6353044646981457,
            0.6371115816964665,
            0.6325584671733938,
            0.624761385250152,
            0.6229632588747506,
            0.621034019714635,
            0.620621976746661
        ],
        "val_loss": [
            0.6994858384132385,
            0.6890709400177002,
            0.6800930500030518,
            0.6771435141563416,
            0.6749332547187805,
            0.6734367609024048,
            0.6893383860588074,
            0.6768479943275452,
            0.6581916809082031,
            0.6065890192985535,
            0.6404228806495667,
            0.638207197189331,
            0.6173237562179565,
            0.7138861417770386,
            0.7065784931182861,
            0.6964429020881653,
            0.6872615218162537,
            0.6893115639686584,
            0.6895327568054199,
            0.6896447539329529
        ],
        "learning_rate": [
            0.001,
            0.001,
            0.001,
            0.001,
            0.001,
            0.001,
            0.001,
            0.001,
            0.001,
            0.001,
            0.001,
            0.001,
            0.001,
            0.001,
            0.0001,
            0.0001,
            0.0001,
            0.0001,
            1e-05,
            1e-05
        ]
    },
    "best_val_loss": 0.6065890192985535,
    "test_metrics": {
        "accuracy": 0.49828040599823,
        "auc": 0.4144283184949419,
        "precision": 0.22908251586843623,
        "recall": 0.25762491888384165,
        "f1": 0.24251679902260231
    },
    "training_time": 352.5288875102997,
    "model_params": {
        "input_dim": 12,
        "hidden_dim": 64,
        "num_layers": 2,
        "dropout": 0.2
    },
    "training_params": {
        "batch_size": 32,
        "num_epochs": 20,
        "learning_rate": 0.001,
        "weight_decay": 1e-05,
        "patience": 10
    }
}
