{
    "training_history": {
        "train_loss": [
            0.6910659431372339,
            0.6856772987071668,
            0.6805436760598891,
            0.6701122762628003,
            0.6610343154381053,
            0.6681759314434232,
            0.6492572308341177,
            0.6592020424653374,
            0.6510850939851911,
            0.6521718718796519,
            0.6497117958355335,
            0.6410140970968754,
            0.6398930547650855,
            0.6387477612834951,
            0.6306880042391517,
            0.6306716985392604
        ],
        "val_loss": [
            0.6925833821296692,
            0.6906182169914246,
            0.6866666674613953,
            0.6658883690834045,
            0.6504819393157959,
            0.6295729279518127,
            0.6575618386268616,
            0.6634052395820618,
            0.6506290435791016,
            0.6446347832679749,
            0.6411645412445068,
            0.6372155547142029,
            0.6387425065040588,
            0.6452556252479553,
            0.6403095126152039,
            0.6390768885612488
        ],
        "learning_rate": [
            0.001,
            0.001,
            0.001,
            0.001,
            0.001,
            0.001,
            0.001,
            0.001,
            0.001,
            0.001,
            0.0001,
            0.0001,
            0.0001,
            0.0001,
            1e-05,
            1e-05
        ]
    },
    "best_val_loss": 0.6295729279518127,
    "test_metrics": {
        "accuracy": 0.5923953056335449,
        "auc": 0.6617167708157407,
        "precision": 0.4535896665665365,
        "recall": 0.7905759162303665,
        "f1": 0.5764458866195838
    },
    "training_time": 312.383278131485,
    "model_params": {
        "input_dim": 12,
        "hidden_dim": 64,
        "num_layers": 2,
        "dropout": 0.2
    },
    "training_params": {
        "batch_size": 32,
        "num_epochs": 16,
        "learning_rate": 0.001,
        "weight_decay": 1e-05,
        "patience": 10
    }
}
