{"epoch":15,"train_loss":0.438008383936081,"val_loss":0.5198012590408325,"learning_rate":1e-05,"_timestamp":1.7479135394926808e+09,"_wandb":{"runtime":5},"_runtime":4.3795527,"_step":15}
