{
    "training_history": {
        "train_loss": [
            6247.936323634216,
            5972.1430923087255,
            5525.37552478058,
            4626.608176133463,
            4206.929691127369,
            4075.878025983061,
            4005.6901871774876,
            3933.679387062788,
            3913.761666668313,
            3865.673197899546
        ],
        "val_loss": [
            0.6894193887710571,
            0.680647075176239,
            0.6749866604804993,
            0.6879217028617859,
            0.7224921584129333,
            0.719113826751709,
            0.6997916102409363,
            0.7650547027587891,
            0.7571489214897156,
            0.8048829436302185
        ]
    },
    "best_val_loss": 0.6749866604804993,
    "training_time": 109.14016199111938,
    "model_params": {
        "model_type": "SimpleBayesianLSTM",
        "input_dim": 12,
        "hidden_dim": 64,
        "num_layers": 2,
        "dropout": 0.2
    }
}